{
    "exec_times": {
        "n2-standard-1": [
            234234,
            23423423
        ]
    },
    "job_id": 2,
    "job_name": "Job de Teste de FL (1 client)",
    "number_datacenters": 6,
    "rtt": {
        "AWS_us-east-2_us-east-2a": {
            "AWS_us-east-2_us-east-2b": 0.0755767822265625,
            "AWS_us-east-2_us-east-2c": 0.05360150337219238,
            "GCP_us-west1_us-west1-a": 0.4941372871398926,
            "GCP_us-west1_us-west1-b": 1.9835259914398193,
            "GCP_us-west1_us-west1-c": 0.51108717918396
        },
        "AWS_us-east-2_us-east-2b": {
            "AWS_us-east-2_us-east-2c": 0.10042166709899902,
            "GCP_us-west1_us-west1-a": 1.980713129043579,
            "GCP_us-west1_us-west1-b": 0.5073444843292236,
            "GCP_us-west1_us-west1-c": 2.208632230758667
        },
        "AWS_us-east-2_us-east-2c": {
            "GCP_us-west1_us-west1-a": 0.5402734279632568,
            "GCP_us-west1_us-west1-b": 1.7489616870880127,
            "GCP_us-west1_us-west1-c": 0.48792266845703125
        },
        "GCP_us-west1_us-west1-a": {
            "GCP_us-west1_us-west1-b": 3.9800357818603516,
            "GCP_us-west1_us-west1-c": 9.243255138397217
        },
        "GCP_us-west1_us-west1-b": {
            "GCP_us-west1_us-west1-c": 7.44883394241333
        },
        "GCP_us-west1_us-west1-c": {}
    }
}