{
    "comm_slowdown": {
        "CLOUDLAB": {
            "APT": {
                "CLOUDLAB": {
                    "APT": 1.0,
                    "Clemson": 2.0775834654598238,
                    "Massachusetts": 18.64052262783964,
                    "Utah": 0.8573776609104066,
                    "Wisconsin": 2.75232332086839
                }
            },
            "Clemson": {
                "CLOUDLAB": {
                    "APT": 2.0775834654598238,
                    "Clemson": 0.9543404247258411,
                    "Massachusetts": 12.464118537574649,
                    "Utah": 1.931966701316085,
                    "Wisconsin": 1.1746947287491292
                }
            },
            "Massachusetts": {
                "CLOUDLAB": {
                    "APT": 18.64052262783964,
                    "Clemson": 12.464118537574649,
                    "Massachusetts": 0.9285021908318597,
                    "Utah": 14.092139552666225,
                    "Wisconsin": 24.731269435231734
                }
            },
            "Utah": {
                "CLOUDLAB": {
                    "APT": 0.8573776609104066,
                    "Clemson": 1.931966701316085,
                    "Massachusetts": 14.092139552666225,
                    "Utah": 0.3724786132949251,
                    "Wisconsin": 3.73844743751885
                }
            },
            "Wisconsin": {
                "CLOUDLAB": {
                    "APT": 2.75232332086839,
                    "Clemson": 1.1746947287491292,
                    "Massachusetts": 24.731269435231734,
                    "Utah": 3.73844743751885,
                    "Wisconsin": 1.0224010774891648
                }
            }
        }
    },
    "pair_regions_baseline": {
        "location_1": "CloudLab_APT_Emulated",
        "location_2": "CloudLab_APT_Emulated",
        "provider_1": "CLOUDLAB",
        "provider_2": "CLOUDLAB"
    },
    "slowdown": {
        "CLOUDLAB_all": {
            "CLOUDLAB": {
                "APT": {
                    "c6220": 1.2680562092077565,
                    "r320": 2.3283142170300652
                },
                "Clemson": {
                    "c6320": 0.9954672507420583,
                    "c6420": 0.846702691586777,
                    "c8220": 1.5350515356171723,
                    "c8220x": 1.5792962583009242,
                    "dss7500": 1.0871197536769157,
                    "r650": 0.7175593670210005
                },
                "Massachusetts": {
                    "rs440": 0.8137969650431928,
                    "rs620": 1.2903584318805192,
                    "rs630": 0.9157043678574084
                },
                "Utah": {
                    "c6525-100g": 1.0347603290411003,
                    "c6525-25g": 1.0639192999489533,
                    "m510": 1.421838513398175,
                    "xl170": 0.9838306514226665
                },
                "Wisconsin": {
                    "c220g1": 1.0,
                    "c220g2": 1.1621641422998554,
                    "c220g5": 1.1609432231846422,
                    "c240g1": 0.9785185382957895,
                    "c240g2": 1.1604512204690836
                }
            }
        }
    },
    "vm_baseline": {
        "location": "CloudLab_Wisconsin",
        "vm_name": "c220g1"
    }
}