{
    "comm_slowdown": {
        "CLOUDLAB": {
            "APT": {
                "CLOUDLAB": {
                    "APT": 1.1663471601746072,
                    "Clemson": 2.4231835749647845,
                    "Massachusetts": 21.74132063115127,
                    "Utah": 1.0,
                    "Wisconsin": 3.210164489177191
                }
            },
            "Clemson": {
                "CLOUDLAB": {
                    "APT": 2.4231835749647845,
                    "Clemson": 1.1130922442188131,
                    "Massachusetts": 14.53748926037987,
                    "Utah": 2.2533438756319195,
                    "Wisconsin": 1.3701018609486273
                }
            },
            "Massachusetts": {
                "CLOUDLAB": {
                    "APT": 21.74132063115127,
                    "Clemson": 14.53748926037987,
                    "Massachusetts": 1.0829558934926409,
                    "Utah": 16.436326948036513,
                    "Wisconsin": 28.845245873295596
                }
            },
            "Utah": {
                "CLOUDLAB": {
                    "APT": 1.0,
                    "Clemson": 2.2533438756319195,
                    "Massachusetts": 16.436326948036513,
                    "Utah": 0.4344393728423116,
                    "Wisconsin": 4.360327552212148
                }
            },
            "Wisconsin": {
                "CLOUDLAB": {
                    "APT": 3.210164489177191,
                    "Clemson": 1.3701018609486273,
                    "Massachusetts": 28.845245873295596,
                    "Utah": 4.360327552212148,
                    "Wisconsin": 1.1924745932889458
                }
            }
        }
    },
    "cost_vms": {
        "CLOUDLAB": {
            "APT": {
                "c6220": 1.1640000000000001,
                "r320": 0.384
            },
            "Clemson": {
                "c4130": 3.72,
                "c6320": 3.8160000000000003,
                "c6420": 5.484,
                "c8220": 3.624,
                "c8220x": 3.624,
                "dss7500": 1.86,
                "r650": 4.872,
                "r6525": 4.68,
                "r7525": 7.824
            },
            "Massachusetts": {
                "rs440": 3.12,
                "rs620": 3.168,
                "rs630": 3.624
            },
            "Utah": {
                "c6525-100g": 2.148,
                "c6525-25g": 1.956,
                "d6515": 2.34,
                "m510": 0.972,
                "xl170": 1.02
            },
            "Wisconsin": {
                "c220g1": 1.956,
                "c220g2": 2.436,
                "c220g5": 2.832,
                "c240g1": 1.956,
                "c240g2": 2.436,
                "c240g5": 2.832,
                "c4130": 3.72
            }
        }
    },
    "cpu_vms": {
        "CLOUDLAB": {
            "APT": {
                "c6220": 1.1640000000000001,
                "r320": 0.384
            },
            "Clemson": {
                "c4130": 3.72,
                "c6320": 3.8160000000000003,
                "c6420": 5.484,
                "c8220": 3.624,
                "c8220x": 3.624,
                "dss7500": 1.86,
                "r650": 4.872,
                "r6525": 4.68,
                "r7525": 7.824
            },
            "Massachusetts": {
                "rs440": 3.12,
                "rs620": 3.168,
                "rs630": 3.624
            },
            "Utah": {
                "c6525-100g": 2.148,
                "c6525-25g": 1.956,
                "d6515": 2.34,
                "m510": 0.972,
                "xl170": 1.02
            },
            "Wisconsin": {
                "c220g1": 1.956,
                "c220g2": 2.436,
                "c220g5": 2.832,
                "c240g1": 1.956,
                "c240g2": 2.436,
                "c240g5": 2.832,
                "c4130": 3.72
            }
        }
    },
    "gpu_vms": {
        "CLOUDLAB": {
            "APT": {
                "c6220": 1.1640000000000001,
                "r320": 0.384
            },
            "Clemson": {
                "c4130": 3.72,
                "c6320": 3.8160000000000003,
                "c6420": 5.484,
                "c8220": 3.624,
                "c8220x": 3.624,
                "dss7500": 1.86,
                "r650": 4.872,
                "r6525": 4.68,
                "r7525": 7.824
            },
            "Massachusetts": {
                "rs440": 3.12,
                "rs620": 3.168,
                "rs630": 3.624
            },
            "Utah": {
                "c6525-100g": 2.148,
                "c6525-25g": 1.956,
                "d6515": 2.34,
                "m510": 0.972,
                "xl170": 1.02
            },
            "Wisconsin": {
                "c220g1": 1.956,
                "c220g2": 2.436,
                "c220g5": 2.832,
                "c240g1": 1.956,
                "c240g2": 2.436,
                "c240g5": 2.832,
                "c4130": 3.72
            }
        }
    },
    "slowdown": {
        "CLOUDLAB_all": {
            "CLOUDLAB": {
                "APT": {
                    "c6220": 1.2680562092077565,
                    "r320": 2.3283142170300652
                },
                "Clemson": {
                    "c4130": 0.888775163900547,
                    "c6320": 0.9954672507420583,
                    "c6420": 0.846702691586777,
                    "c8220": 1.5350515356171723,
                    "c8220x": 1.5792962583009242,
                    "dss7500": 1.0871197536769157,
                    "r650": 0.7175593670210005
                },
                "Massachusetts": {
                    "rs440": 0.8137969650431928,
                    "rs620": 1.2903584318805192,
                    "rs630": 0.9157043678574084
                },
                "Utah": {
                    "c6525-100g": 1.0347603290411003,
                    "c6525-25g": 1.0639192999489533,
                    "m510": 1.421838513398175,
                    "xl170": 0.9838306514226665
                },
                "Wisconsin": {
                    "c220g1": 1.0,
                    "c220g2": 1.1621641422998554,
                    "c220g5": 1.1609432231846422,
                    "c240g1": 0.9785185382957895,
                    "c240g2": 1.1604512204690836
                }
            }
        }
    },
    "time_aggreg": {
        "CLOUDLAB": {
            "APT": {
                "c6220": 0.5,
                "r320": 0.5
            },
            "Clemson": {
                "c4130": 0.5,
                "c6320": 0.5,
                "c6420": 0.5,
                "c8220": 0.5,
                "c8220x": 0.5,
                "dss7500": 0.5,
                "r650": 0.5,
                "r6525": 0.5,
                "r7525": 0.5
            },
            "Massachusetts": {
                "rs440": 0.5,
                "rs620": 0.5,
                "rs630": 0.5
            },
            "Utah": {
                "c6525-100g": 0.5,
                "c6525-25g": 0.5,
                "d6515": 0.5,
                "m510": 0.5,
                "xl170": 0.5
            },
            "Wisconsin": {
                "c220g1": 0.5,
                "c220g2": 0.5,
                "c220g5": 0.5,
                "c240g1": 0.5,
                "c240g2": 0.5,
                "c240g5": 0.5,
                "c4130": 0.5
            }
        }
    }
}