{
    "comm_slowdown": {
        "CloudLab": {
            "Utah": {
                "CloudLab": {
                    "APT": 1.0,
                    "Clemson": 2.2533438756319195,
                    "Utah": 0.4344393728423116,
                    "Wisconsin": 4.360327552212148
                }
            }
        }
    },
    "cost_vms": {
        "CloudLab": {
            "APT": {
                "c6220": {
                    "APT": 1.1640000000000001
                },
                "r320": {
                    "APT": 0.384
                }
            },
            "Clemson": {
                "c4130": {
                    "Clemson": 3.72,
                    "Wisconsin": 3.72
                },
                "c6320": {
                    "Clemson": 3.8160000000000003
                },
                "c6420": {
                    "Clemson": 5.484
                },
                "c8220": {
                    "Clemson": 3.624
                },
                "c8220x": {
                    "Clemson": 3.624
                },
                "dss7500": {
                    "Clemson": 1.86
                },
                "ibm8335": {
                    "Clemson": 5.064
                },
                "r650": {
                    "Clemson": 4.872
                },
                "r6525": {
                    "Clemson": 4.68
                },
                "r7525": {
                    "Clemson": 7.824
                }
            },
            "Emulab": {
                "d430": {
                    "Emulab": 1.1640000000000001
                },
                "d710": {
                    "Emulab": 0.24000000000000002
                },
                "d820": {
                    "Emulab": 2.34
                },
                "nuc11i9": {
                    "Emulab": 0.5760000000000001
                },
                "pc3000": {
                    "Emulab": 0.048
                }
            },
            "Massachusetts": {
                "build": {
                    "Massachusetts": 3.168
                },
                "fpga-alveo": {
                    "Massachusetts": 2.376
                },
                "rs440": {
                    "Massachusetts": 3.12
                },
                "rs620": {
                    "Massachusetts": 3.168
                },
                "rs630": {
                    "Massachusetts": 3.624
                }
            },
            "Utah": {
                "c6525-100g": {
                    "Utah": 2.148
                },
                "c6525-25g": {
                    "Utah": 1.956
                },
                "d6515": {
                    "Utah": 2.34
                },
                "dl360": {
                    "Utah": 13.056000000000001
                },
                "m400": {
                    "Utah": 0.876
                },
                "m510": {
                    "Utah": 0.972
                },
                "xl170": {
                    "Utah": 1.02
                }
            },
            "Wisconsin": {
                "c220g1": {
                    "Wisconsin": 1.956
                },
                "c220g2": {
                    "Wisconsin": 2.436
                },
                "c220g5": {
                    "Wisconsin": 2.832
                },
                "c240g1": {
                    "Wisconsin": 1.956
                },
                "c240g2": {
                    "Wisconsin": 2.436
                },
                "c240g5": {
                    "Wisconsin": 2.832
                },
                "c4130": {
                    "Clemson": 3.72,
                    "Wisconsin": 3.72
                }
            }
        }
    },
    "cpu_vms": {
        "CloudLab": {
            "APT": {
                "c6220": {
                    "APT": 1.1640000000000001
                },
                "r320": {
                    "APT": 0.384
                }
            },
            "Clemson": {
                "c4130": {
                    "Clemson": 3.72,
                    "Wisconsin": 3.72
                },
                "c6320": {
                    "Clemson": 3.8160000000000003
                },
                "c6420": {
                    "Clemson": 5.484
                },
                "c8220": {
                    "Clemson": 3.624
                },
                "c8220x": {
                    "Clemson": 3.624
                },
                "dss7500": {
                    "Clemson": 1.86
                },
                "ibm8335": {
                    "Clemson": 5.064
                },
                "r650": {
                    "Clemson": 4.872
                },
                "r6525": {
                    "Clemson": 4.68
                },
                "r7525": {
                    "Clemson": 7.824
                }
            },
            "Emulab": {
                "d430": {
                    "Emulab": 1.1640000000000001
                },
                "d710": {
                    "Emulab": 0.24000000000000002
                },
                "d820": {
                    "Emulab": 2.34
                },
                "nuc11i9": {
                    "Emulab": 0.5760000000000001
                },
                "pc3000": {
                    "Emulab": 0.048
                }
            },
            "Massachusetts": {
                "build": {
                    "Massachusetts": 3.168
                },
                "fpga-alveo": {
                    "Massachusetts": 2.376
                },
                "rs440": {
                    "Massachusetts": 3.12
                },
                "rs620": {
                    "Massachusetts": 3.168
                },
                "rs630": {
                    "Massachusetts": 3.624
                }
            },
            "Utah": {
                "c6525-100g": {
                    "Utah": 2.148
                },
                "c6525-25g": {
                    "Utah": 1.956
                },
                "d6515": {
                    "Utah": 2.34
                },
                "dl360": {
                    "Utah": 13.056000000000001
                },
                "m400": {
                    "Utah": 0.876
                },
                "m510": {
                    "Utah": 0.972
                },
                "xl170": {
                    "Utah": 1.02
                }
            },
            "Wisconsin": {
                "c220g1": {
                    "Wisconsin": 1.956
                },
                "c220g2": {
                    "Wisconsin": 2.436
                },
                "c220g5": {
                    "Wisconsin": 2.832
                },
                "c240g1": {
                    "Wisconsin": 1.956
                },
                "c240g2": {
                    "Wisconsin": 2.436
                },
                "c240g5": {
                    "Wisconsin": 2.832
                },
                "c4130": {
                    "Clemson": 3.72,
                    "Wisconsin": 3.72
                }
            }
        }
    },
    "gpu_vms": {
        "CloudLab": {
            "APT": {
                "c6220": {
                    "APT": 1.1640000000000001
                },
                "r320": {
                    "APT": 0.384
                }
            },
            "Clemson": {
                "c4130": {
                    "Clemson": 3.72,
                    "Wisconsin": 3.72
                },
                "c6320": {
                    "Clemson": 3.8160000000000003
                },
                "c6420": {
                    "Clemson": 5.484
                },
                "c8220": {
                    "Clemson": 3.624
                },
                "c8220x": {
                    "Clemson": 3.624
                },