{
    "comm_slowdown": {
        "CLOUDLAB": {
            "APT": {
                "CLOUDLAB": {
                    "APT": 10000000,
                    "Clemson": 10000000,
                    "Emulab": 10000000,
                    "Massachusetts": 10000000,
                    "Utah": 1.0,
                    "Wisconsin": 10000000
                }
            },
            "Clemson": {
                "CLOUDLAB": {
                    "APT": 10000000,
                    "Clemson": 10000000,
                    "Emulab": 10000000,
                    "Massachusetts": 10000000,
                    "Utah": 2.2533438756319195,
                    "Wisconsin": 10000000
                }
            },
            "Emulab": {
                "CLOUDLAB": {
                    "APT": 10000000,
                    "Clemson": 10000000,
                    "Emulab": 10000000,
                    "Massachusetts": 10000000,
                    "Utah": 10000000,
                    "Wisconsin": 10000000
                }
            },
            "Massachusetts": {
                "CLOUDLAB": {
                    "APT": 10000000,
                    "Clemson": 10000000,
                    "Emulab": 10000000,
                    "Massachusetts": 10000000,
                    "Utah": 10000000,
                    "Wisconsin": 10000000
                }
            },
            "Utah": {
                "CLOUDLAB": {
                    "APT": 1.0,
                    "Clemson": 2.2533438756319195,
                    "Emulab": 10000000,
                    "Massachusetts": 10000000,
                    "Utah": 0.4344393728423116,
                    "Wisconsin": 4.360327552212148
                }
            },
            "Wisconsin": {
                "CLOUDLAB": {
                    "APT": 10000000,
                    "Clemson": 10000000,
                    "Emulab": 10000000,
                    "Massachusetts": 10000000,
                    "Utah": 4.360327552212148,
                    "Wisconsin": 10000000
                }
            }
        }
    },
    "cost_vms": {
        "CLOUDLAB": {
            "APT": {
                "c6220": 1.1640000000000001,
                "r320": 0.384
            },
            "Clemson": {
                "c4130": 3.72,
                "c6320": 3.8160000000000003,
                "c6420": 5.484,
                "c8220": 3.624,
                "c8220x": 3.624,
                "dss7500": 1.86,
                "ibm8335": 5.064,
                "r650": 4.872,
                "r6525": 4.68,
                "r7525": 7.824
            },
            "Emulab": {
                "d430": 1.1640000000000001,
                "d710": 0.24000000000000002,
                "d820": 2.34,
                "nuc11i9": 0.5760000000000001,
                "pc3000": 0.048
            },
            "Massachusetts": {
                "build": 3.168,
                "fpga-alveo": 2.376,
                "rs440": 3.12,
                "rs620": 3.168,
                "rs630": 3.624
            },
            "Utah": {
                "c6525-100g": 2.148,
                "c6525-25g": 1.956,
                "d6515": 2.34,
                "dl360": 13.056000000000001,
                "m400": 0.876,
                "m510": 0.972,
                "xl170": 1.02
            },
            "Wisconsin": {
                "c220g1": 1.956,
                "c220g2": 2.436,
                "c220g5": 2.832,
                "c240g1": 1.956,
                "c240g2": 2.436,
                "c240g5": 2.832,
                "c4130": 3.72
            }
        }
    },
    "cpu_vms": {
        "CLOUDLAB": {
            "APT": {
                "c6220": 1.1640000000000001,
                "r320": 0.384
            },
            "Clemson": {
                "c4130": 3.72,
                "c6320": 3.8160000000000003,
                "c6420": 5.484,
                "c8220": 3.624,
                "c8220x": 3.624,
                "dss7500": 1.86,
                "ibm8335": 5.064,
                "r650": 4.872,
                "r6525": 4.68,
                "r7525": 7.824
            },
            "Emulab": {
                "d430": 1.1640000000000001,
                "d710": 0.24000000000000002,
                "d820": 2.34,
                "nuc11i9": 0.5760000000000001,
                "pc3000": 0.048
            },
            "Massachusetts": {
                "build": 3.168,
                "fpga-alveo": 2.376,
                "rs440": 3.12,
                "rs620": 3.168,
                "rs630": 3.624
            },
            "Utah": {
                "c6525-100g": 2.148,
                "c6525-25g": 1.956,
                "d6515": 2.34,
                "dl360": 13.056000000000001,
                "m400": 0.876,
                "m510": 0.972,
                "xl170": 1.02
            },
            "Wisconsin": {
                "c220g1": 1.956,
                "c220g2": 2.436,
                "c220g5": 2.832,
                "c240g1": 1.956,
                "c240g2": 2.436,
                "c240g5": 2.832,
                "c4130": 3.72
            }
        }
    },
    "gpu_vms": {
        "CLOUDLAB": {
            "APT": {
                "c6220": 1.1640000000000001,
                "r320": 0.384
            },
            "Clemson": {
                "c4130": 3.72,
                "c6320": 3.8160000000000003,
                "c6420": 5.484,
                "c8220": 3.624,
                "c8220x": 3.624,
                "dss7500": 1.86,
                "ibm8335": 5.064,
                "r650": 4.872,
                "r6525": 4.68,
                "r7525": 7.824
            },
            "Emulab": {
                "d430": 1.1640000000000001,
                "d710": 0.24000000000000002,
                "d820": 2.34,
                "nuc11i9": 0.5760000000000001,
                "pc3000": 0.048
            },
            "Massachusetts": {
                "build": 3.168,
                "fpga-alveo": 2.376,
                "rs440": 3.12,
                "rs620": 3.168,
                "rs630": 3.624
            },
            "Utah": {
                "c6525-100g": 2.148,
                "c6525-25g": 1.956,
                "d6515": 2.34,
                "dl360": 13.056000000000001,
                "m400": 0.876,
                "m510": 0.972,
                "xl170": 1.02
            },
            "Wisconsin": {
                "c220g1": 1.956,
                "c220g2": 2.436,
                "c220g5": 2.832,
                "c240g1": 1.956,
                "c240g2": 2.436,
                "c240g5": 2.832,
                "c4130": 3.72
            }
        }
    },
    "slowdown": {
        "CLOUDLAB_all": {
            "CLOUDLAB": {
                "Clemson": {
                    "c4130": 0.9082864852498945,
                    "c6320": 1.017320788296752,
                    "c8220": 1.5687505913691258,
                    "c8220x": 1.6139666204499947
                },
                "Utah": {
                    "c6525-25g": 1.0872755684341961
                },
                "Wisconsin": {
                    "c240g1": 1.0,
                    "c240g2": 1.1859266585691388
                }
            }
        }
    },
    "time_aggreg": {
        "CLOUDLAB": {
            "APT": {
                "c6220": 0.5,
                "r320": 0.5
            },
            "Clemson": {
                "c4130": 0.5,
                "c6320": 0.5,
                "c6420": 0.5,
                "c8220": 0.5,
                "c8220x": 0.5,
                "dss7500": 0.5,
                "ibm8335": 0.5,
                "r650": 0.5,
                "r6525": 0.5,
                "r7525": 0.5
            },
            "Emulab": {
                "d430": 0.5,
                "d710": 0.5,
                "d820": 0.5,
                "nuc11i9": 0.5,
                "pc3000": 0.5
            },