{
    "comm_slowdown": {
        "AWS": {
            "us-east-1": {
                "AWS": {
                    "us-east-1": 1.0,
                    "us-west-2": 3.4957983193277307
                },
                "GCP": {
                    "us-central1": 1.6338535414165665,
                    "us-west1": 2.625450180072029
                }
            },
            "us-west-2": {
                "AWS": {
                    "us-east-1": 3.4957983193277307,
                    "us-west-2": 0.9963985594237695
                },
                "GCP": {
                    "us-central1": 2.2376950780312126,
                    "us-west1": 1.1920768307322929
                }
            }
        },
        "GCP": {
            "us-central1": {
                "AWS": {
                    "us-east-1": 1.6338535414165665,
                    "us-west-2": 2.2376950780312126
                },
                "GCP": {
                    "us-central1": 0.6626650660264105,
                    "us-west1": 1.5714285714285714
                }
            },
            "us-west1": {
                "AWS": {
                    "us-east-1": 2.625450180072029,
                    "us-west-2": 1.1920768307322929
                },
                "GCP": {
                    "us-central1": 1.5714285714285714,
                    "us-west1": 0.7214885954381752
                }
            }
        }
    },
    "cost_vms": {
        "AWS": {
            "us-east-1": {
                "g3.4xlarge": 0.00013441666666666666,
                "g4dn.2xlarge": 8.861111111111111e-05,
                "t2.xlarge": 2.072222222222222e-05
            },
            "us-west-2": {
                "g4dn.2xlarge": 6.855555555555555e-05,
                "t2.xlarge": 1.836111111111111e-05
            }
        },
        "GCP": {
            "us-central1": {
                "e2-standard-4": 1.116857e-05,
                "n1-standard-16_p4": 0.00010887222222222222,
                "n1-standard-8_t4": 5.9991666666666663e-05,
                "n1-standard-8_v100": 0.00028288055555555555
            },
            "us-west1": {
                "e2-standard-4": 1.116857e-05,
                "n1-standard-8_t4": 5.9991666666666663e-05,
                "n1-standard-8_v100": 0.00028288055555555555
            }
        }
    },
    "cpu_vms": {
        "AWS": {
            "us-east-1": {
                "g3.4xlarge": 16,
                "g4dn.2xlarge": 8,
                "t2.xlarge": 3
            },
            "us-west-2": {
                "g4dn.2xlarge": 8,
                "t2.xlarge": 3
            }
        },
        "GCP": {
            "us-central1": {
                "e2-standard-4": 4,
                "n1-standard-16_p4": 16,
                "n1-standard-8_t4": 8,
                "n1-standard-8_v100": 8
            },
            "us-west1": {
                "e2-standard-4": 4,
                "n1-standard-8_t4": 8,
                "n1-standard-8_v100": 8
            }
        }
    },
    "gpu_vms": {
        "AWS": {
            "us-east-1": {
                "g3.4xlarge": 1,
                "g4dn.2xlarge": 1,
                "t2.xlarge": 0
            },
            "us-west-2": {
                "g4dn.2xlarge": 1,
                "t2.xlarge": 0
            }
        },
        "GCP": {
            "us-central1": {
                "e2-standard-4": 0,
                "n1-standard-16_p4": 1,
                "n1-standard-8_t4": 1,
                "n1-standard-8_v100": 1
            },
            "us-west1": {
                "e2-standard-4": 0,
                "n1-standard-8_t4": 1,
                "n1-standard-8_v100": 1
            }
        }
    },
    "pair_regions_baseline": {
        "location_1": "AWS_us-east-1_us-east-1a",
        "location_2": "AWS_us-east-1_us-east-1a",
        "provider_1": "AWS",
        "provider_2": "AWS"
    },
    "slowdown": {
        "AWS_us-east-1": {
            "AWS": {
                "us-east-1": {
                    "g3.4xlarge": 1.4486757561510735,
                    "g4dn.2xlarge": 1.0
                },
                "us-west-2": {
                    "g4dn.2xlarge": 1.0518727472183045
                }
            },
            "GCP": {
                "us-central1": {
                    "n1-standard-16_p4": 1.3383482212819307,
                    "n1-standard-8_t4": 1.1038238520608055,
                    "n1-standard-8_v100": 0.48205610405892496
                },
                "us-west1": {
                    "n1-standard-8_t4": 1.1418272997962702,
                    "n1-standard-8_v100": 0.5232722143864598
                }
            }
        },
        "GCP_us-central1": {
            "AWS": {
                "us-east-1": {
                    "g3.4xlarge": 1.3023787491154537,
                    "g4dn.2xlarge": 1.0
                },
                "us-west-2": {
                    "g4dn.2xlarge": 1.5287137336018723
                }
            },
            "GCP": {
                "us-central1": {
                    "n1-standard-16_p4": 0.998094823362909,
                    "n1-standard-8_t4": 0.8655489630395733,
                    "n1-standard-8_v100": 0.4067279952098416
                },
                "us-west1": {
                    "n1-standard-8_t4": 1.231506178215666,
                    "n1-standard-8_v100": 0.8793206684448315
                }
            }
        }
    },
    "time_aggreg": {
        "AWS": {
            "us-east-1": {
                "g3.4xlarge": 0.3,
                "g4dn.2xlarge": 0.3,
                "t2.xlarge": 0.3
            },
            "us-west-2": {
                "g4dn.2xlarge": 0.3,
                "t2.xlarge": 0.3
            }
        },
        "GCP": {
            "us-central1": {
                "e2-standard-4": 0.3,
                "n1-standard-16_p4": 0.3,
                "n1-standard-8_t4": 0.3,
                "n1-standard-8_v100": 0.3
            },
            "us-west1": {
                "e2-standard-4": 0.3,
                "n1-standard-8_t4": 0.3,
                "n1-standard-8_v100": 0.3
            }
        }
    },
    "vm_baseline": {
        "AWS_us-east-1": {
            "location": "AWS_us-east-1",
            "vm_name": "g4dn.2xlarge"
        },
        "GCP_us-central1": {
            "location": "AWS_us-east-1",
            "vm_name": "g4dn.2xlarge"
        }
    }
}