{
    "comm_slowdown": {
        "AWS": {
            "us-east-1": {
                "AWS": {
                    "us-east-1": 10000000,
                    "us-west-2": 10000000
                },
                "GCP": {
                    "us-central1": 10000000,
                    "us-west1": 10000000
                }
            },
            "us-west-2": {
                "AWS": {
                    "us-east-1": 10000000,
                    "us-west-2": 10000000
                },
                "GCP": {
                    "us-central1": 0.9889573594598454,
                    "us-west1": 0.532487448759301
                }
            }
        },
        "GCP": {
            "us-central1": {
                "AWS": {
                    "us-east-1": 10000000,
                    "us-west-2": 0.9889573594598454
                },
                "GCP": {
                    "us-central1": 0.354719681440731,
                    "us-west1": 10000000
                }
            },
            "us-west1": {
                "AWS": {
                    "us-east-1": 10000000,
                    "us-west-2": 0.532487448759301
                },
                "GCP": {
                    "us-central1": 10000000,
                    "us-west1": 0.27841884639113723
                }
            }
        }
    },
    "cost_vms": {
        "AWS": {
            "us-east-1": {
                "g3.4xlarge": 0.00031666666666666665,
                "g4dn.2xlarge": 0.00020888888888888888,
                "t2.xlarge": 5.155555555555555e-05
            },
            "us-west-2": {
                "g4dn.2xlarge": 0.00020888888888888888,
                "t2.xlarge": 5.155555555555555e-05
            }
        },
        "GCP": {
            "us-central1": {
                "e2-standard-4": 3.7228566666666665e-05,
                "n1-standard-16_p4": 0.00037777666666666666,
                "n1-standard-8_t4": 0.0002027772222222222,
                "n1-standard-8_v100": 0.0007944438888888889
            },
            "us-west1": {
                "e2-standard-4": 3.7228566666666665e-05,
                "n1-standard-8_t4": 0.0002027772222222222,
                "n1-standard-8_v100": 0.0007944438888888889
            }
        }
    },
    "cpu_vms": {
        "AWS": {
            "us-east-1": {
                "g3.4xlarge": 16,
                "g4dn.2xlarge": 8,
                "t2.xlarge": 3
            },
            "us-west-2": {
                "g4dn.2xlarge": 8,
                "t2.xlarge": 3
            }
        },
        "GCP": {
            "us-central1": {
                "e2-standard-4": 4,
                "n1-standard-16_p4": 16,
                "n1-standard-8_t4": 8,
                "n1-standard-8_v100": 8
            },
            "us-west1": {
                "e2-standard-4": 4,
                "n1-standard-8_t4": 8,
                "n1-standard-8_v100": 8
            }
        }
    },
    "gpu_vms": {
        "AWS": {
            "us-east-1": {
                "g3.4xlarge": 1,
                "g4dn.2xlarge": 1,
                "t2.xlarge": 0
            },
            "us-west-2": {
                "g4dn.2xlarge": 1,
                "t2.xlarge": 0
            }
        },
        "GCP": {
            "us-central1": {
                "e2-standard-4": 0,
                "n1-standard-16_p4": 1,
                "n1-standard-8_t4": 1,
                "n1-standard-8_v100": 1
            },
            "us-west1": {
                "e2-standard-4": 0,
                "n1-standard-8_t4": 1,
                "n1-standard-8_v100": 1
            }
        }
    },
    "pair_regions_baseline": {
        "location_1": "AWS_us-west-2_us-west-2a",
        "location_2": "GCP_us-central1_us-central1-a",
        "provider_1": "AWS",
        "provider_2": "GCP"
    },
    "slowdown": {
        "AWS_us-east-1": {
            "AWS": {
                "us-east-1": {
                    "g3.4xlarge": 1.516103001181493,
                    "g4dn.2xlarge": 1.0
                },
                "us-west-2": {
                    "g4dn.2xlarge": 1.078385140397563
                }
            },
            "GCP": {
                "us-central1": {
                    "n1-standard-16_p4": 1.4143928789893512,
                    "n1-standard-8_t4": 1.1776006182035117,
                    "n1-standard-8_v100": 0.5420762051967738
                },
                "us-west1": {
                    "n1-standard-8_t4": 1.2070787780638403,
                    "n1-standard-8_v100": 0.5181547388132717
                }
            }
        },
        "GCP_us-central1": {
            "AWS": {
                "us-east-1": {
                    "g3.4xlarge": 1.2570449436806794,
                    "g4dn.2xlarge": 1.0
                },
                "us-west-2": {
                    "g4dn.2xlarge": 1.6730978299063515
                }
            },
            "GCP": {
                "us-central1": {
                    "n1-standard-16_p4": 1.0407963864281402,
                    "n1-standard-8_t4": 0.911359388443612,
                    "n1-standard-8_v100": 0.39824576297763487
                },
                "us-west1": {
                    "n1-standard-8_t4": 1.2818987500425374,
                    "n1-standard-8_v100": 0.8568165914897923
                }
            }
        }
    },
    "time_aggreg": {
        "AWS": {
            "us-east-1": {
                "g3.4xlarge": 0.3,
                "g4dn.2xlarge": 0.3,
                "t2.xlarge": 0.3
            },
            "us-west-2": {
                "g4dn.2xlarge": 0.3,
                "t2.xlarge": 0.3
            }
        },
        "GCP": {
            "us-central1": {
                "e2-standard-4": 0.3,
                "n1-standard-16_p4": 0.3,
                "n1-standard-8_t4": 0.3,
                "n1-standard-8_v100": 0.3
            },
            "us-west1": {
                "e2-standard-4": 0.3,
                "n1-standard-8_t4": 0.3,
                "n1-standard-8_v100": 0.3
            }
        }
    },
    "vm_baseline": {
        "AWS_us-east-1": {
            "location": "AWS_us-east-1",
            "vm_name": "g4dn.2xlarge"
        },
        "GCP_us-central1": {
            "location": "AWS_us-east-1",
            "vm_name": "g4dn.2xlarge"
        }
    }
}