{
    "comm_slowdown": {
        "AWS": {
            "us-east-1": {
                "AWS": {
                    "us-east-1": 1.0012063510284064,
                    "us-west-2": 3.4347446260177854
                },
                "GCP": {
                    "us-central1": 1.676337423145088,
                    "us-west1": 2.943755860455445
                }
            },
            "us-west-2": {
                "AWS": {
                    "us-east-1": 3.4347446260177854,
                    "us-west-2": 0.9862837601526008
                },
                "GCP": {
                    "us-central1": 2.250744302108236,
                    "us-west1": 1.0794076696101966
                }
            }
        },
        "GCP": {
            "us-central1": {
                "AWS": {
                    "us-east-1": 1.676337423145088,
                    "us-west-2": 2.250744302108236
                },
                "GCP": {
                    "us-central1": 0.8167920997131363,
                    "us-west1": 1.6449920393010253
                }
            },
            "us-west1": {
                "AWS": {
                    "us-east-1": 2.943755860455445,
                    "us-west-2": 1.0794076696101966
                },
                "GCP": {
                    "us-central1": 1.6449920393010253,
                    "us-west1": 0.7772881294786588
                }
            }
        }
    },
    "cost_vms": {
        "AWS": {
            "us-east-1": {
                "g3.4xlarge": 0.00031666666666666665,
                "g4dn.2xlarge": 0.00020888888888888888,
                "t2.xlarge": 5.155555555555555e-05
            },
            "us-west-2": {
                "g4dn.2xlarge": 0.00020888888888888888,
                "t2.xlarge": 5.155555555555555e-05
            }
        },
        "GCP": {
            "us-central1": {
                "e2-standard-4": 3.7228566666666665e-05,
                "n1-standard-16_p4": 0.00037777666666666666,
                "n1-standard-8_t4": 0.0002027772222222222,
                "n1-standard-8_v100": 0.0007944438888888889
            },
            "us-west1": {
                "e2-standard-4": 3.7228566666666665e-05,
                "n1-standard-8_t4": 0.0002027772222222222,
                "n1-standard-8_v100": 0.0007944438888888889
            }
        }
    },
    "cpu_vms": {
        "AWS": {
            "us-east-1": {
                "g3.4xlarge": 16,
                "g4dn.2xlarge": 8,
                "t2.xlarge": 3
            },
            "us-west-2": {
                "g4dn.2xlarge": 8,
                "t2.xlarge": 3
            }
        },
        "GCP": {
            "us-central1": {
                "e2-standard-4": 4,
                "n1-standard-16_p4": 16,
                "n1-standard-8_t4": 8,
                "n1-standard-8_v100": 8
            },
            "us-west1": {
                "e2-standard-4": 4,
                "n1-standard-8_t4": 8,
                "n1-standard-8_v100": 8
            }
        }
    },
    "gpu_vms": {
        "AWS": {
            "us-east-1": {
                "g3.4xlarge": 1,
                "g4dn.2xlarge": 1,
                "t2.xlarge": 0
            },
            "us-west-2": {
                "g4dn.2xlarge": 1,
                "t2.xlarge": 0
            }
        },
        "GCP": {
            "us-central1": {
                "e2-standard-4": 0,
                "n1-standard-16_p4": 1,
                "n1-standard-8_t4": 1,
                "n1-standard-8_v100": 1
            },
            "us-west1": {
                "e2-standard-4": 0,
                "n1-standard-8_t4": 1,
                "n1-standard-8_v100": 1
            }
        }
    },
    "pair_regions_baseline": {
        "location_1": "AWS_us-east-1_us-east-1a",
        "location_2": "AWS_us-east-1_us-east-1a",
        "provider_1": "AWS",
        "provider_2": "AWS"
    },
    "slowdown": {
        "AWS_us-east-1": {
            "AWS": {
                "us-east-1": {
                    "g3.4xlarge": 1.5476582536701373,
                    "g4dn.2xlarge": 1.0
                },
                "us-west-2": {
                    "g4dn.2xlarge": 1.0775173137392353
                }
            },
            "GCP": {
                "us-central1": {
                    "n1-standard-16_p4": 1.4151211655789722,
                    "n1-standard-8_t4": 1.197010883166075,
                    "n1-standard-8_v100": 0.5216480597631891
                },
                "us-west1": {
                    "n1-standard-8_t4": 1.187463492075772,
                    "n1-standard-8_v100": 0.5732342909134907
                }
            }
        },
        "GCP_us-central1": {
            "AWS": {
                "us-east-1": {
                    "g3.4xlarge": 1.2963735410233432,
                    "g4dn.2xlarge": 1.0
                },
                "us-west-2": {
                    "g4dn.2xlarge": 1.444326211225565
                }
            },
            "GCP": {
                "us-central1": {
                    "n1-standard-16_p4": 0.9774171572194787,
                    "n1-standard-8_t4": 0.8402960452569163,
                    "n1-standard-8_v100": 0.42140401398725436
                },
                "us-west1": {
                    "n1-standard-8_t4": 1.1905994950918044,
                    "n1-standard-8_v100": 1.0461078996163669
                }
            }
        }
    },
    "time_aggreg": {
        "AWS": {
            "us-east-1": {
                "g3.4xlarge": 0.3,
                "g4dn.2xlarge": 0.3,
                "t2.xlarge": 0.3
            },
            "us-west-2": {
                "g4dn.2xlarge": 0.3,
                "t2.xlarge": 0.3
            }
        },
        "GCP": {
            "us-central1": {
                "e2-standard-4": 0.3,
                "n1-standard-16_p4": 0.3,
                "n1-standard-8_t4": 0.3,
                "n1-standard-8_v100": 0.3
            },
            "us-west1": {
                "e2-standard-4": 0.3,
                "n1-standard-8_t4": 0.3,
                "n1-standard-8_v100": 0.3
            }
        }
    },
    "vm_baseline": {
        "AWS_us-east-1": {
            "location": "AWS_us-east-1",
            "vm_name": "g4dn.2xlarge"
        },
        "GCP_us-central1": {
            "location": "AWS_us-east-1",
            "vm_name": "g4dn.2xlarge"
        }
    }
}