{
    "comm_slowdown": {
        "CLOUDLAB": {
            "APT": {
                "CLOUDLAB": {
                    "APT": 4.441295914396008,
                    "Clemson": 8.876068534042076,
                    "Massachusetts": 84.9036852657892,
                    "Utah": 3.9822175830050255,
                    "Wisconsin": 6.711496969786816
                }
            },
            "Clemson": {
                "CLOUDLAB": {
                    "APT": 8.876068534042076,
                    "Clemson": 4.265053640878143,
                    "Massachusetts": 82.7195609322799,
                    "Utah": 8.309873551993416,
                    "Wisconsin": 9.882982356093585
                }
            },
            "Massachusetts": {
                "CLOUDLAB": {
                    "APT": 84.9036852657892,
                    "Clemson": 82.7195609322799,
                    "Massachusetts": 4.484380275864464,
                    "Utah": 65.0959898674135,
                    "Wisconsin": 112.81946695250194
                }
            },
            "Utah": {
                "CLOUDLAB": {
                    "APT": 3.9822175830050255,
                    "Clemson": 8.309873551993416,
                    "Massachusetts": 65.0959898674135,
                    "Utah": 1.0,
                    "Wisconsin": 14.940302322085007
                }
            },
            "Wisconsin": {
                "CLOUDLAB": {
                    "APT": 6.711496969786816,
                    "Clemson": 9.882982356093585,
                    "Massachusetts": 112.81946695250194,
                    "Utah": 14.940302322085007,
                    "Wisconsin": 4.515798636284771
                }
            }
        }
    },
    "cost_vms": {
        "CLOUDLAB": {
            "APT": {
                "c6220": 1.1640000000000001,
                "r320": 0.384
            },
            "Clemson": {
                "c4130": 3.72,
                "c6320": 3.8160000000000003,
                "c6420": 5.484,
                "c8220": 3.624,
                "c8220x": 3.624,
                "dss7500": 1.86,
                "r650": 4.872,
                "r6525": 4.68,
                "r7525": 7.824
            },
            "Massachusetts": {
                "rs440": 3.12,
                "rs620": 3.168,
                "rs630": 3.624
            },
            "Utah": {
                "c6525-100g": 2.148,
                "c6525-25g": 1.956,
                "d6515": 2.34,
                "m510": 0.972,
                "xl170": 1.02
            },
            "Wisconsin": {
                "c220g1": 1.956,
                "c220g2": 2.436,
                "c220g5": 2.832,
                "c240g1": 1.956,
                "c240g2": 2.436,
                "c240g5": 2.832,
                "c4130": 3.72
            }
        }
    },
    "cpu_vms": {
        "CLOUDLAB": {
            "APT": {
                "c6220": 32,
                "r320": 16
            },
            "Clemson": {
                "c4130": 48,
                "c6320": 56,
                "c6420": 64,
                "c8220": 40,
                "c8220x": 40,
                "dss7500": 24,
                "r650": 144,
                "r6525": 128,
                "r7525": 128
            },
            "Massachusetts": {
                "rs440": 64,
                "rs620": 2,
                "rs630": 40
            },
            "Utah": {
                "c6525-100g": 48,
                "c6525-25g": 32,
                "d6515": 64,
                "m510": 16,
                "xl170": 20
            },
            "Wisconsin": {
                "c220g1": 32,
                "c220g2": 40,
                "c220g5": 40,
                "c240g1": 32,
                "c240g2": 40,
                "c240g5": 40,
                "c4130": 48
            }
        }
    },
    "gpu_vms": {
        "CLOUDLAB": {
            "APT": {
                "c6220": 0,
                "r320": 0
            },
            "Clemson": {
                "c4130": 0,
                "c6320": 0,
                "c6420": 0,
                "c8220": 0,
                "c8220x": 0,
                "dss7500": 0,
                "r650": 0,
                "r6525": 0,
                "r7525": 0
            },
            "Massachusetts": {
                "rs440": 0,
                "rs620": 0,
                "rs630": 0
            },
            "Utah": {
                "c6525-100g": 0,
                "c6525-25g": 0,
                "d6515": 0,
                "m510": 0,
                "xl170": 0
            },
            "Wisconsin": {
                "c220g1": 0,
                "c220g2": 0,
                "c220g5": 0,
                "c240g1": 0,
                "c240g2": 0,
                "c240g5": 0,
                "c4130": 0
            }
        }
    },
    "pair_regions_baseline": {
        "location_1": "CloudLab_Utah_Emulated",
        "location_2": "CloudLab_Utah_Emulated",
        "provider_1": "CLOUDLAB",
        "provider_2": "CLOUDLAB"
    },
    "slowdown": {
        "CLOUDLAB_all": {
            "CLOUDLAB": {
                "Utah": {
                    "c6525-100g": 1.0
                }
            }
        }
    },
    "time_aggreg": {
        "CLOUDLAB": {
            "APT": {
                "c6220": 0.5,
                "r320": 0.5
            },
            "Clemson": {
                "c4130": 0.5,
                "c6320": 0.5,
                "c6420": 0.5,
                "c8220": 0.5,
                "c8220x": 0.5,
                "dss7500": 0.5,
                "r650": 0.5,
                "r6525": 0.5,
                "r7525": 0.5
            },
            "Massachusetts": {
                "rs440": 0.5,
                "rs620": 0.5,
                "rs630": 0.5
            },
            "Utah": {
                "c6525-100g": 0.5,
                "c6525-25g": 0.5,
                "d6515": 0.5,
                "m510": 0.5,
                "xl170": 0.5
            },
            "Wisconsin": {
                "c220g1": 0.5,
                "c220g2": 0.5,
                "c220g5": 0.5,
                "c240g1": 0.5,
                "c240g2": 0.5,
                "c240g5": 0.5,
                "c4130": 0.5
            }
        }
    },
    "vm_baseline": {
        "location": "CloudLab_Utah",
        "vm_name": "c6525-100g"
    }
}