{
    "comm_slowdown": {
        "CLOUDLAB": {
            "APT": {
                "CLOUDLAB": {
                    "APT": 1.0,
                    "Clemson": 2.0775834654598238,
                    "Massachusetts": 18.64052262783964,
                    "Utah": 0.8573776609104066,
                    "Wisconsin": 2.75232332086839
                }
            },
            "Clemson": {
                "CLOUDLAB": {
                    "APT": 2.0775834654598238,
                    "Clemson": 0.9543404247258411,
                    "Massachusetts": 12.464118537574649,
                    "Utah": 1.931966701316085,
                    "Wisconsin": 1.1746947287491292
                }
            },
            "Massachusetts": {
                "CLOUDLAB": {
                    "APT": 18.64052262783964,
                    "Clemson": 12.464118537574649,
                    "Massachusetts": 0.9285021908318597,
                    "Utah": 14.092139552666225,
                    "Wisconsin": 24.731269435231734
                }
            },
            "Utah": {
                "CLOUDLAB": {
                    "APT": 0.8573776609104066,
                    "Clemson": 1.931966701316085,
                    "Massachusetts": 14.092139552666225,
                    "Utah": 0.3724786132949251,
                    "Wisconsin": 3.73844743751885
                }
            },
            "Wisconsin": {
                "CLOUDLAB": {
                    "APT": 2.75232332086839,
                    "Clemson": 1.1746947287491292,
                    "Massachusetts": 24.731269435231734,
                    "Utah": 3.73844743751885,
                    "Wisconsin": 1.0224010774891648
                }
            }
        }
    },
    "cost_vms": {
        "CLOUDLAB": {
            "APT": {
                "c6220": 1.3785600000000002,
                "r320": 0.61648
            },
            "Clemson": {
                "c4130": 5.51768,
                "c6320": 3.06768,
                "c6420": 3.92192,
                "c8220": 2.524,
                "c8220x": 2.524,
                "dss7500": 1.39792,
                "r650": 6.057920000000001,
                "r6525": 5.514240000000001,
                "r7525": 11.159040000000001
            },
            "Massachusetts": {
                "rs440": 3.0483200000000004,
                "rs630": 2.524
            },
            "Utah": {
                "c6525-100g": 2.2134400000000003,
                "c6525-25g": 1.6697600000000001,
                "d6515": 2.7571200000000005,
                "m510": 0.8348800000000001,
                "xl170": 0.9708000000000001
            },
            "Wisconsin": {
                "c220g1": 1.6697600000000001,
                "c220g2": 2.0872,
                "c220g5": 2.2328,
                "c240g1": 1.6697600000000001,
                "c240g2": 2.0872,
                "c240g5": 4.6928
            }
        }
    },
    "cpu_vms": {
        "CLOUDLAB": {
            "APT": {
                "c6220": 32,
                "r320": 16
            },
            "Clemson": {
                "c4130": 56,
                "c6320": 56,
                "c6420": 64,
                "c8220": 40,
                "c8220x": 40,
                "dss7500": 24,
                "r650": 144,
                "r6525": 128,
                "r7525": 128
            },
            "Massachusetts": {
                "rs440": 64,
                "rs630": 40
            },
            "Utah": {
                "c6525-100g": 48,
                "c6525-25g": 32,
                "d6515": 64,
                "m510": 16,
                "xl170": 20
            },
            "Wisconsin": {
                "c220g1": 32,
                "c220g2": 40,
                "c220g5": 40,
                "c240g1": 32,
                "c240g2": 40,
                "c240g5": 40
            }
        }
    },
    "gpu_vms": {
        "CLOUDLAB": {
            "APT": {
                "c6220": 0,
                "r320": 0
            },
            "Clemson": {
                "c4130": 2,
                "c6320": 0,
                "c6420": 0,
                "c8220": 0,
                "c8220x": 0,
                "dss7500": 0,
                "r650": 0,
                "r6525": 0,
                "r7525": 2
            },
            "Massachusetts": {
                "rs440": 0,
                "rs630": 0
            },
            "Utah": {
                "c6525-100g": 0,
                "c6525-25g": 0,
                "d6515": 0,
                "m510": 0,
                "xl170": 0
            },
            "Wisconsin": {
                "c220g1": 0,
                "c220g2": 0,
                "c220g5": 0,
                "c240g1": 0,
                "c240g2": 0,
                "c240g5": 1
            }
        }
    },
    "pair_regions_baseline": {
        "location_1": "CloudLab_APT_Emulated",
        "location_2": "CloudLab_APT_Emulated",
        "provider_1": "CLOUDLAB",
        "provider_2": "CLOUDLAB"
    },
    "slowdown": {
        "CLOUDLAB_all": {
            "CLOUDLAB": {
                "APT": {
                    "c6220": 1.2680562092077565,
                    "r320": 2.3283142170300652
                },
                "Clemson": {
                    "c6320": 0.9954672507420583,
                    "c6420": 0.846702691586777,
                    "c8220": 1.5350515356171723,
                    "c8220x": 1.5792962583009242,
                    "dss7500": 1.0871197536769157,
                    "r650": 0.7175593670210005,
                    "r6525": 1.192081232437436,
                    "r7525": 0.5682931827855288
                },
                "Massachusetts": {
                    "rs440": 0.8137969650431928,
                    "rs630": 0.9157043678574084
                },
                "Utah": {
                    "c6525-100g": 1.0347603290411003,
                    "c6525-25g": 1.0639192999489533,
                    "d6515": 1.0751260844260386,
                    "m510": 1.421838513398175,
                    "xl170": 0.9838306514226665
                },
                "Wisconsin": {
                    "c220g1": 1.0,
                    "c220g2": 1.1621641422998554,
                    "c220g5": 1.1609432231846422,
                    "c240g1": 0.9785185382957895,
                    "c240g2": 1.1604512204690836,
                    "c240g5": 0.04473109456478423
                }
            }
        }
    },
    "time_aggreg": {
        "CLOUDLAB": {
            "APT": {
                "c6220": 0.5,
                "r320": 0.5
            },
            "Clemson": {
                "c4130": 0.5,
                "c6320": 0.5,
                "c6420": 0.5,
                "c8220": 0.5,
                "c8220x": 0.5,
                "dss7500": 0.5,
                "r650": 0.5,
                "r6525": 0.5,
                "r7525": 0.5
            },
            "Massachusetts": {
                "rs440": 0.5,
                "rs630": 0.5
            },
            "Utah": {
                "c6525-100g": 0.5,
                "c6525-25g": 0.5,
                "d6515": 0.5,
                "m510": 0.5,
                "xl170": 0.5
            },
            "Wisconsin": {
                "c220g1": 0.5,
                "c220g2": 0.5,
                "c220g5": 0.5,
                "c240g1": 0.5,
                "c240g2": 0.5,
                "c240g5": 0.5
            }
        }
    },
    "vm_baseline": {
        "location": "CloudLab_Wisconsin",
        "vm_name": "c220g1"
    }
}